{
  "project_info": {
    "project_number": "180453841739",
    "project_id": "nfoodi",
    "storage_bucket": "nfoodi.firebasestorage.app"
  },
  "client": [
    {
      "client_info": {
        "mobilesdk_app_id": "1:180453841739:android:59cf9bacf00c34a5d926ce",
        "android_client_info": {
          "package_name": "com.example.foooodi"
        }
      },
      "oauth_client": [],
      "api_key": [
        {
          "current_key": "AIzaSyAxFp6W9XVrNp_QfHVb0Fx2lsVcwAEPYhs"
        }
      ],
      "services": {
        "appinvite_service": {
          "other_platform_oauth_client": []
        }
      }
    }
  ],
  "configuration_version": "1"
}